,Name,Rating,Num_rating
0,Dr Willmar Schwabe India Berberis Aquifolium Mother Tincture Q,4.3,369 ratings
1,SBL Arnica Montana Herbal Shampoo with TJC,4.4,326 ratings
2,SBL Jaborandi Hair Oil,4.4,116 ratings
3,SBL Cineraria Maritima 10% Eye Drop,4.5,94 ratings
4,Bjain Guatteria Gaumeri Drop,4.6,119 ratings
5,SBL Sarracenia Purpurea Dilution 1000 CH,4.8,16 ratings
6,Dr. Reckeweg Calcarea Phosphorica Biochemic Tablet 6X,4.7,414 ratings
7,Dr. Reckeweg R41 Sexual Neurasthenia Drop,4,460 ratings
8,Dr. Reckeweg R89 Hair Care Drop,4.2,600 ratings
9,Dr Willmar Schwabe India Thyroidinum Trituration Tablet 3X,4.6,147 ratings
10,SBL Stobal Cough Syrup,4.6,518 ratings
11,Dr. Reckeweg Berberis Vul Mother Tincture Q,4.5,295 ratings
12,Dr. Reckeweg R73 Joint Pain Drop,4.5,290 ratings
13,Bakson's Y-Lax Tablet,4.5,298 ratings
14,Dr Willmar Schwabe India Damiaplant Drop,4,275 ratings
15,Bakson's Aller Aid Tablet,4.4,264 ratings
16,SBL Scalptone Tablet,4.3,139 ratings
17,SBL Clearstone Drop,4.4,421 ratings
18,Bhargava Spondin Drop,4.6,505 ratings
19,Bakson's Aller Aid Tablet,4.4,264 ratings
20,Dr. Reckeweg R13 Hemorrhoidal Drop,4.4,294 ratings
21,SBL Nux Vomica Dilution 30 CH,4.6,899 ratings
22,Dr. Reckeweg R5 Stomach and Digestion Drop,4.5,288 ratings
23,Bakson's Throat Aid Tablet,4.3,217 ratings
24,SBL Berberis Vulgaris Mother Tincture Q,4.6,334 ratings
25,SBL Berberis Aquifolium Gel,4.3,312 ratings
26,SBL Arnica Montana Dilution 200 CH,4.6,805 ratings
27,SBL Tonicard Gold Drop Homeopathic Medicine,4.7,345 ratings
28,SBL Kali Phosphoricum Biochemic Tablet 6X,4.6,432 ratings
29,SBL Calcarea Fluorica Biochemic Tablet 6X,4.5,475 ratings
30,Bakson's Homoeopathic Formula 'D' Tablet,4,160 ratings
31,Dr. Reckeweg R40 Diabetes Drop Homeopathic Medicine,4.6,243 ratings
32,SBL Syzygium Jambolanum Mother Tincture Q,4.6,428 ratings
33,Dr. Reckeweg R25 Prostatitis Drop,4.5,266 ratings
34,Dr. Reckeweg R71 Sciatica Drop,4.4,282 ratings
35,Bakson's Throat Aid Tablet,4.3,217 ratings
36,Dr. Reckeweg R59 Weight Loss,4.1,186 ratings
37,Dr. Reckeweg R7 Liver and Gallbladder Drop,4.7,217 ratings
38,SBL Calcarea Phosphorica Biochemic Tablet 6X,4.6,372 ratings
39,Dr. Reckeweg R11 Rheumatism Drop,4.5,184 ratings
40,SBL Arsenicum Album Dilution 30 CH,4.6,481 ratings
41,Dr. Reckeweg R65 Psoriasis Drop,4.4,156 ratings
42,SBL Prostonum Drop,4.5,344 ratings
43,Dr. Reckeweg R42 Varicosis Drop,4.3,194 ratings
44,SBL Nux Vomica Dilution 200 CH,4.6,899 ratings
45,SBL Jaborandi Mother Tincture Q,4.3,214 ratings
46,Dr. Reckeweg R49 Sinus Drop,4.6,153 ratings
47,Dr. Reckeweg Kali Phosphoricum Biochemic Tablet 6X,4.5,225 ratings
48,SBL Liv T Tonic,4.5,285 ratings
49,Bakson's Rheum Aid Tablet,4.6,75 ratings
50,SBL Thuja Occidentalis Dilution 200 CH,4.4,436 ratings
51,SBL Bio-Combination 6 Tablet,4.7,226 ratings
52,SBL Alfalfa Tonic with Ginseng,4.4,329 ratings
53,Dr. Reckeweg R84 Inhalent Allergy Drop,4.5,129 ratings
54,SBL Chelidonium Majus Mother Tincture Q,4.5,284 ratings
55,Dr. Reckeweg R82 Anti Fungal Drop,4.2,183 ratings
56,Bakson's Homoeopathic Formula 'D' Tablet,4,160 ratings
57,SBL Dibonil Drop,4.5,281 ratings
58,Bakson's Pilgo Tablet,4.3,126 ratings
59,Dr. Reckeweg R9 Cough Drop,4.5,158 ratings
60,SBL Arnica Montana Dilution 30 CH,4.6,805 ratings
61,SBL Rhus Toxicodendron Dilution 200 CH,4.7,410 ratings
62,SBL Hydrastis Canadensis Mother Tincture Q,4.6,165 ratings
63,Allen A84 Lipoma Drop,4.1,145 ratings
64,SBL Damiagra Forte Drop,3.9,122 ratings
65,Dr. Reckeweg R27 Renal Calculi Drop,4.5,140 ratings
66,Dr. Reckeweg Ashwagandha Mother Tincture Q,4.5,108 ratings
67,Dr Willmar Schwabe India Cydonia Vulgaris Mother Tincture Q,4.2,123 ratings
68,Dr. Reckeweg R16 Migraine and Neuralgia Drop,4.6,144 ratings
69,SBL Bryonia Alba Dilution 30 CH,4.7,435 ratings
70,SBL FP-Tabs Tablet,4.4,210 ratings
71,SBL Berberis Aquifolium Mother Tincture Q,4.5,101 ratings
72,Bakson's Pilgo Tablet,4.3,126 ratings
73,SBL Belladonna Dilution 30 CH,4.6,406 ratings
74,SBL Homeocal Tablet,4.6,190 ratings
75,SBL Bio-Combination 25 Tablet,4.7,188 ratings
76,SBL Sabal Serrulata Mother Tincture Q,4.4,144 ratings
77,SBL Arnica Montana Mother Tincture Q,4.5,121 ratings
78,Bakson's Vitamin D Plus Tablet,4.6,103 ratings
79,Dr. Reckeweg Aalserum 7X Mother Tincture Q,4.5,124 ratings
80,SBL Cineraria Maritima Euphrasia Eye Drop,4.5,237 ratings
81,SBL Magnesia Phosphorica Biochemic Tablet 6X,4.7,221 ratings
82,SBL Lycopodium Clavatum Dilution 30 CH,4.5,388 ratings
83,SBL Calendula Cream,4.7,219 ratings
84,Dr Willmar Schwabe Germany Biofungin Syrup,4.7,74 ratings
85,Dr. Reckeweg R85 High Blood Pressure Drop,4.5,119 ratings
86,SBL Crataegus Oxyacantha Q Mother Tincture,4.6,224 ratings
87,Dr Willmar Schwabe India Alpha-Coff Cough Syrup,4.5,120 ratings
88,New Life NL-2 Blood Urea Creatinin Drop,4.3,124 ratings
89,SBL Sulphur Dilution 200 CH,4.4,420 ratings
90,SBL Aconitum Napellus Dilution 30 CH,4.6,206 ratings
91,Bakson's Gastro Aid Tablet,4.5,95 ratings
92,SBL Rauwolfia Serpentina Mother Tincture Q,4.7,155 ratings
93,SBL Bryonia Alba Dilution 200 CH,4.7,435 ratings
94,SBL Five Phos Tablet 6X,4.6,169 ratings
95,SBL Nixocid Tablet,4.5,206 ratings
96,Dr Willmar Schwabe India Cydonia Vulgaris Dilution 30 CH,4,218 ratings
97,Bakson's Sinus Aid Tablet,4.4,56 ratings
98,SBL Rite-Hite Tablet,4.2,168 ratings
99,SBL Bio-Combination 21 Tablet,4.6,136 ratings
100,SBL Rhus Toxicodendron Dilution 30 CH,4.7,410 ratings
101,ADEL 4 Apo-Rheum Drop,4.4,126 ratings
102,SBL Alfalfa Malt Energy Stimulant Delicious Chocolate,4.4,88 ratings
103,Dr. Reckeweg R1 Inflammation Drop,4.6,109 ratings
104,SBL Diaboherb Capsule,4.2,34 ratings
105,SBL Gymnema Sylvestre Mother Tincture Q,4.6,158 ratings
106,Dr Willmar Schwabe India Dizester Digestive Tonic Sugar Free,4.3,140 ratings
107,Bakson's Biocombination 17 Tablet,NA,NA
108,SBL Carbo Vegetabilis Dilution 30 CH,4.6,415 ratings
109,Dr. Reckeweg R2 Essentia Aurea-Gold Drop,4.8,75 ratings
110,SBL Ferrum Phosphoricum Biochemic Tablet 6X,4.6,168 ratings
111,Dr. Reckeweg R95 Alfalfa Tonic,4.7,78 ratings
112,SBL Thuja Ointment,4.2,175 ratings
113,New Life Bach Flower Rescue Remedy 30,4.4,259 ratings
114,SBL Caladium Seguinum Dilution 30 CH,4.1,215 ratings
115,SBL Tribulus Terrestris Mother Tincture Q,4.4,113 ratings
116,SBL Belladonna Dilution 200 CH,4.6,406 ratings
117,SBL Bio-Combination 20 Tablet,4.2,112 ratings
118,ADEL 51 Psy-Stabil Drop,4.4,69 ratings
119,SBL Passiflora Incarnata Mother Tincture Q,4.6,129 ratings
120,Dr. Reckeweg Vita-C 15 Nerve Tonic,4.4,68 ratings
121,SBL Echinacea Angustifolia Mother Tincture Q,4.5,98 ratings
122,SBL Phytolacca Berry Mother Tincture Q,4.4,100 ratings
123,SBL Calendula Officinalis Mother Tincture Q,4.6,147 ratings
124,SBL Allium Cepa Dilution 30 CH,4.5,166 ratings
125,SBL Lycopodium Clavatum Dilution 200 CH,4.5,388 ratings
126,SBL Drops No. 8 ( For Allergic Rhinitis),4.4,120 ratings
127,Bakson's Tonsil Aid Tablet,4.4,65 ratings
128,SBL Urtica Urens Mother Tincture Q,4.6,180 ratings
129,SBL Tranquil Tablet,4.6,134 ratings
130,SBL Bio-Combination 19 Tablet,4.5,140 ratings
131,SBL Damiana Mother Tincture Q,4.3,119 ratings
132,SBL Sulphur Dilution 30 CH,4.4,420 ratings
133,Lord's Ylo Tablet,4.5,41 ratings
134,SBL FP Ointment,4.5,137 ratings
135,SBL Hepar Sulphur Dilution 200 CH,4.5,186 ratings
136,Bakson's Hite Aid Tablet,4.1,28 ratings
137,Bakson's Gastro Aid Tablet,4.5,95 ratings
138,Medisynth Jondila Sugar Free Syrup,4.5,104 ratings
139,Dr. Reckeweg R3 Heart Drop,4.5,105 ratings
140,Dr. Reckeweg V-C 15 Forte Tonic,4.6,58 ratings
141,SBL Terminalia Arjuna Mother Tincture Q,4.7,132 ratings
142,SBL Euphrasia 10% Eye Drop,4.6,163 ratings
143,Dr Willmar Schwabe India Sabal Serrulata Mother Tincture Q,4.5,93 ratings
144,Dr Willmar Schwabe India Alpha-Liv Liver Tonic,4.5,116 ratings
145,SBL Bio-Combination 17 Tablet,4.6,115 ratings
146,Essentia Aurea Gold Drop,4.4,189 ratings
147,SBL Carbo Vegetabilis Dilution 200 CH,4.6,415 ratings
148,SBL Arnica Gel,4.8,159 ratings
149,Allen Derma Plus Cream,4.3,71 ratings
150,Dr Willmar Schwabe India Arnica Montana Mother Tincture Q,4.6,122 ratings
151,ADEL 28 Plevent Drop,4.6,74 ratings
152,SBL Aspidosperma Quebracho Mother Tincture Q,4.5,90 ratings
153,Dr Willmar Schwabe India Chelidonium Majus Mother Tincture Q,4.6,178 ratings
154,Dr Willmar Schwabe India Munostim Globules,4.6,85 ratings
155,ADEL 18 Glucorect Drop,4.4,75 ratings
156,SBL Pulsatilla Nigricans Dilution 200 CH,4.6,227 ratings
157,SBL Carduus Marianus Mother Tincture Q,4.6,101 ratings
158,SBL Cephalandra Indica Mother Tincture Q,4.7,105 ratings
159,SBL Histaminum Dilution 200 CH,4.5,221 ratings
160,SBL Sabal Serrulata Dilution 30 CH,4.2,106 ratings
161,SBL Drops No. 4 (For BP),4.4,100 ratings
162,Dr. Reckeweg R6 Influenza Drop,4.7,52 ratings
163,SBL Cholesterinum Trituration Tablet 3X,4.6,108 ratings
164,SBL Nixocid Syrup,4.6,107 ratings
165,New Life Bach Flower Rescue Remedy 30,4.4,259 ratings
166,Dr Willmar Schwabe India Withania Somnifera (Aswagandha) Mother Tincture Q,4.4,116 ratings
167,SBL Arsenicum Album Dilution 200 CH,4.6,481 ratings
168,SBL Natrum Muriaticum Dilution 30 CH,4.5,184 ratings
169,Dr Willmar Schwabe India Sabal Pentarkan Drop,4.4,118 ratings
170,ADEL 17 Glautaract Drop,4.6,74 ratings
171,SBL Ginseng Mother Tincture Q,4.3,67 ratings
172,SBL Avena Sativa Mother Tincture Q,4.5,130 ratings
173,ADEL 9 Cri-Regen Drop,4.2,51 ratings
174,SBL Thuja Occidentalis Mother Tincture Q,4.5,86 ratings
175,SBL Bio-Combination 28 Tablet,4.5,101 ratings
176,Adven Osteodin-Z Oral Drops (25ml Each),4.3,71 ratings
177,SBL Alfalfa Tonic with Ginseng,4.4,329 ratings
178,SBL Calcarea Carbonica Dilution 200 CH,4.6,157 ratings
179,SBL Ginkgo Biloba Mother Tincture Q,4.6,87 ratings
180,SBL Gelsemium Sempervirens Dilution 30 CH,4.5,182 ratings
181,SBL Acidum Phosphoricum Mother Tincture Q,4.5,80 ratings
182,SBL Hamamelis Virginica Mother Tincture Q,4.6,81 ratings
183,SBL Kali Muriaticum Biochemic Tablet 6X,4.6,107 ratings
184,SBL Histaminum Dilution 30 CH,4.5,221 ratings
185,SBL Calcarea Fluorica Biochemic Tablet 12X,4.5,475 ratings
186,SBL Alfalfa Mother Tincture Q,4.5,100 ratings
187,Bakson's Spondy Aid Drop,4.4,85 ratings
188,SBL Vertefine Drop,4.4,131 ratings
189,Dr Willmar Schwabe India Berberis Pentarkan Tablet,4.5,80 ratings
190,Dr Willmar Schwabe India Jaborandi Mother Tincture Q,4.2,74 ratings
191,SBL Swertia Chirata Mother Tincture Q,4.7,77 ratings
192,Dr Willmar Schwabe India Phytolacca Berry Mother Tincture Q,4.3,98 ratings
193,Dr Willmar Schwabe India Topi Thuja Cream,4.3,119 ratings
194,SBL Mercurius Solubilis Dilution 30 CH,4.6,149 ratings
195,SBL Antimonium Tartaricum Dilution 30 CH,4.6,125 ratings
196,SBL Withania Somnifera Mother Tincture Q,4.5,82 ratings
197,SBL Hypericum Perforatum Dilution 200 CH,4.5,159 ratings
198,SBL Pothos Foetidus Mother Tincture Q,4.5,45 ratings
199,SBL Alfalfa Tonic Paediatric,4.6,96 ratings
200,SBL Stobal Cough Syrup,4.6,518 ratings
201,SBL Drops No. 3 (For UTI),4.7,93 ratings
202,SBL Causticum Dilution 200 CH,4.5,184 ratings
203,SBL Cantharis Mother Tincture Q,4.6,63 ratings
204,Allen A87 Creatinine & Blood Urea Drop,4.6,63 ratings
205,SBL Aesculus Ointment,4.5,70 ratings
206,Dr Willmar Schwabe India Passiflora Incarnata Mother Tincture Q,4.5,123 ratings
207,SBL Ruta Graveolens Dilution 200 CH,4.7,222 ratings
208,SBL Justicia Adhatoda Mother Tincture Q,4.7,78 ratings
209,SBL Apis Mellifica Dilution 30 CH,4.6,132 ratings
210,SBL Ferrumsip Syrup,4.5,92 ratings
211,SBL Natrum Muriaticum Biochemic Tablet 6X,4.5,103 ratings
212,Dr Willmar Schwabe India Hydrastis Canadensis Mother Tincture Q,4.7,58 ratings
213,ADEL 2 Apo-Ham Drop,4.6,56 ratings
214,SBL Silicea Dilution 200 CH,4.6,208 ratings
215,SBL Agnus Castus Dilution 30 CH,4.3,116 ratings
216,SBL Pulsatilla Nigricans Dilution 30 CH,4.6,227 ratings
217,SBL Hepar Sulphur Dilution 30 CH,4.5,186 ratings
218,SBL Natrum Phosphoricum Biochemic Tablet 6X,4.6,106 ratings
219,Bhargava Tumorin Drop,4.4,51 ratings
220,SBL Wiesbaden Dilution 30 CH,4.3,114 ratings
221,SBL AF-Tabs Tablet,4.7,98 ratings
222,SBL Drops No. 1 (For Hair Care),4.2,74 ratings
223,Dr Willmar Schwabe India Berberis Vulgaris Mother Tincture Q,4.4,112 ratings
224,Bakson's Wart Aid Tablet,4,20 ratings
225,Dr Willmar Schwabe India Nux Vomica Dilution 30 CH,4.5,198 ratings
226,SBL AT-Tabs Ant- Traumatic Tablet,4.6,86 ratings
227,Dr Willmar Schwabe India Aesculus Pentarkan Drop,4.3,64 ratings
228,ADEL 11 Defaeton Drop,4.3,62 ratings
229,SBL Ocimum Sanctum Mother Tincture Q,4.4,57 ratings
230,Dr Willmar Schwabe India Ginseng Mother Tincture Q,4.6,75 ratings
231,Bjain Syzygium Jambolanum Mother Tincture Q,4.7,121 ratings
232,Dr. Reckeweg Chelidonium Maj Mother Tincture Q,4.8,70 ratings
233,Bakson's Hair Color Dark Brown Sachet,4.2,99 ratings
234,ADEL 36 Pollon Drop,4.2,83 ratings
235,Bakson B22 Sinus Drop,4.4,67 ratings
236,Dr Willmar Schwabe India Alpha - MP Drop,4.5,99 ratings
237,SBL Silicea Biochemic Tablet 6X,4.5,140 ratings
238,Boericke and Tafel Anti-Dandruff Shampoo,4.2,89 ratings
239,Dr Willmar Schwabe India Topi Berberis Aquifolium Cream,4.2,66 ratings
240,Dr Willmar Schwabe India Crataegus Oxyacantha Mother Tincture Q,4.4,118 ratings
241,SBL Thuja Occidentalis Dilution 30 CH,4.4,436 ratings
242,SBL Fraxinus Americana Mother Tincture Q,4.4,31 ratings
243,Dr Willmar Schwabe India Rauwolfia Serpentina Mother Tincture Q,4.5,87 ratings
244,ADEL 6 Apo-Strum Drop,4.5,54 ratings
245,SBL Silk N Stay Antiseptic Calendula Soap,4.4,102 ratings
246,SBL Blatta Orientalis Mother Tincture Q,4.6,58 ratings
247,ADEL 66 Toxex Drop,4.5,76 ratings
248,Bhargava Garcinia Cambogia Drop,4.2,44 ratings
249,ADEL 21 Proscenat Drop,4.5,47 ratings
250,Dr Willmar Schwabe India Rauwolfia Serpentina Tablet 1X,4.5,59 ratings
251,German's No Piles Care and Cure Drop,3.9,29 ratings
252,Boericke and Tafel Glow & Fairness Soap,4.1,127 ratings
253,SBL Drops No. 6 (For Joint Pain),4.2,79 ratings
254,Bakson's Rheum Aid Tablet,4.6,75 ratings
255,ADEL 25 Somcupin Drop,4.1,89 ratings
256,SBL Cineraria Maritima Eye Drops Free From Alcohol,4.3,43 ratings
257,Dr Willmar Schwabe India Syzygium Jambolanum Trituration Tablet 1X,4.5,64 ratings
258,SBL Nuphar Lutea Mother Tincture Q,4.3,48 ratings
259,ADEL 5 Apo-Stom Drop,4.4,52 ratings
260,SBL Hydrangea Arborescens Mother Tincture Q,4.5,51 ratings
261,SBL Calcarea Phosphorica Biochemic Tablet 12X,4.6,372 ratings
262,Allen A82 Premature Greying Of Hair Drop,3.6,43 ratings
263,Allen A70 I.B.S.(Irritable Bowel Syndrome) Drop,4.2,57 ratings
264,SBL Allium Sativum Mother Tincture Q,4.7,80 ratings
265,SBL Chionanthus Virginica Mother Tincture Q,4.6,43 ratings
266,Bakson's Mig Aid Tablet,4.7,26 ratings
267,ADEL 44 Venorbis Drop,4.4,40 ratings
268,Bakson's Calci Aid Tablet,4.3,23 ratings
269,SBL Thyroidinum Trituration Tablet 6X,4.5,50 ratings
270,Dr Willmar Schwabe India Thuja Occidentalis Dilution 200 CH,4.4,96 ratings
271,SBL Five Phos A+ Nerve Tonic,4.5,64 ratings
272,Allen Dewarts Cream,3.2,38 ratings
273,SBL Drops No. 7 (For Sinusitis),4.4,67 ratings
274,Bakson's Natrum Sulphuricum Biochemic Tablet 30X,4.6,16 ratings
275,SBL Yohimbinum Mother Tincture Q,4.3,28 ratings
276,Bakson's Kali Phosphoricum Biochemic Tablet 30X,4.4,12 ratings
277,SBL Agnus Castus Mother Tincture Q,4.1,48 ratings
278,SBL Kalmegh Syrup,4.6,64 ratings
279,SBL Alfalfa Tonic with Ginseng Sugar Free,4.5,67 ratings
280,SBL Tonsilat Tablet,4.8,69 ratings
281,Allen A15 Indigestion Gas & Acidity Drop,4.3,45 ratings
282,SBL Fucus Vesiculosus Mother Tincture Q,4.3,34 ratings
283,Bakson B69 Sciatica Drop,4.4,64 ratings
284,Dr Willmar Schwabe India Tribulus Terrestris Mother Tincture Q,4.3,45 ratings
285,SBL Symphytum Officinale Mother Tincture Q,4.5,59 ratings
286,Dr Willmar Schwabe India Alfalfa Tonic For Children,4.4,60 ratings
287,SBL Aurum Muriaticum Natronatum Trituration Tablet 3X,4.7,27 ratings
288,Allen A92 C.K.D.(Chronic Kidney Diseases) Drop,4.4,35 ratings
289,SBL Phytolacca Berry Tablet,4.4,54 ratings
290,SBL Crataegus Oxyacantha Q Mother Tincture,4.6,224 ratings
291,Bakson's Diab Aid Drop,4.5,61 ratings
292,ADEL 83 Bronchi-Pertu Syrup,4.3,33 ratings
293,Dr Willmar Schwabe India Alpha - TS Drop,4.4,60 ratings
294,SBL Thiosinaminum Trituration Tablet 3X,4.5,35 ratings
295,Dr Willmar Schwabe India Nisikind Globules,4.7,39 ratings
296,Bakson's Flu Aid Tablet,4.7,14 ratings
297,SBL Sarsaparilla Mother Tincture Q,4.7,39 ratings
298,Dr Willmar Schwabe India Aspidosperma Mother Tincture Q,4.6,60 ratings
299,Dr Willmar Schwabe India Alpha - Acid Tablet,4.3,37 ratings
300,SBL Cineraria Maritima Eye Drops Free From Alcohol,4.3,43 ratings
301,Dr Willmar Schwabe India Nuphar Lutea Mother Tincture Q,4.3,37 ratings
302,SBL Kali Phosphoricum Biochemic Tablet 12X,4.6,432 ratings
303,Dr Willmar Schwabe India Hamamelis Virginica Mother Tincture Q,4.3,38 ratings
304,SBL Sleeptite Tablet,4,63 ratings
305,Dr Willmar Schwabe India Damiana Mother Tincture Q,4.3,61 ratings
306,Bakson's Alfalfa Tonic with Ginseng,4.4,48 ratings
307,ADEL 16 Gastul Drop,4.7,25 ratings
308,SBL Ache-Nil Drop,4.5,42 ratings
309,SBL Gaultheria Procumbens Mother Tincture Q,4.6,33 ratings
310,SBL Paeonia Officianalis Mother Tincture Q,4.8,30 ratings
311,ADEL 79 Ferrodona Tonic,4.7,22 ratings
312,Wheezal Eye Bright Eye Drop,4.5,36 ratings
313,Dr Willmar Schwabe India Ginseng MT Tablet 1X,4.4,28 ratings
314,Dr. Reckeweg Aspidosperma Mother Tincture Q,4.6,30 ratings
315,SBL Bio-Combination 10 Tablet,4.6,31 ratings
316,Dr Willmar Schwabe India Carduus Marianus Mother Tincture Q,4.7,52 ratings
317,Dr Willmar Schwabe India Alpha - HA Drop,4.5,34 ratings
318,Bakson's Nasal Aid Spray,4.2,54 ratings
319,ADEL 22 Renelix Drop,4.5,22 ratings
320,Bakson B9 Hemorrhoidal Drop,4.8,39 ratings
321,Hapdco B.Ve. Phos Children Tonic,4.5,59 ratings
322,Allen Snorid Drop,4.1,41 ratings
323,Allen Osteofit Tablet,4.6,37 ratings
324,Dr Willmar Schwabe India Alpha - WD Drop,4.4,21 ratings
325,SBL Ceanothus Americanus Mother Tincture Q,4.4,25 ratings
326,ADEL 78 Dercut Ointment,3.9,18 ratings
327,SBL Cineraria Maritima Euphrasia Eye Drop,4.5,237 ratings
328,Dr. Reckeweg R4 Diarrhoea Drop,4.5,28 ratings
329,Dr Willmar Schwabe India Kali Phosphoricum Biochemic Tablet 6X,4.7,91 ratings
330,Wheezal Nosoline Nasal Spray,4,45 ratings
331,REPL Dr. Advice No.70 Nodules Drop,4.2,27 ratings
332,Dr Willmar Schwabe India Phytolacca Berry Tablet (4 in 1 Combo Pack) Tablet,4.1,28 ratings
333,ADEL Acid Phos Mother Tincture Q,4.4,20 ratings
334,Allen A90 Ovarian Cysts Drop,4.8,16 ratings
335,Bakson's Beepee Aid Drop,4.5,30 ratings
336,Bakson's Pelvi Aid Tablet,4.5,15 ratings
337,Bakson's Chrysarobinum Ointment,4.7,37 ratings
338,Bakson's Gastro Aid Syrup,4.4,29 ratings
339,Allen A02 Anti Fungal Drop,4.2,28 ratings
340,Wheezal Renal Forte Drop,4.2,20 ratings
341,Bakson's Phytolacca Berry Tablet,4,11 ratings
342,ADEL 73 Mucan Drop,4,24 ratings
343,SBL Kali Phosphoricum Dilution 30 CH,4.5,52 ratings
344,SBL Drops No. 9 ( For Cough),4.5,24 ratings
345,Dr Willmar Schwabe India Topi Aesculus Cream,4.5,40 ratings
346,Bjain Jaborandi Mother Tincture Q,4.6,34 ratings
347,ADEL 1 Apo-Dolor Drop,4.7,31 ratings
348,SBL Argentum Nitricum Dilution 200 CH,4.4,95 ratings
349,Bakson's Acne Aid Tablet,3.8,5 ratings
350,Bakson B1 Influenza & Fever Drop,4.7,28 ratings
351,Allen A26 Piles Drop,4.2,35 ratings
352,Rxhomeo Bryonia Alba Pellets 30C,NA,NA
353,Bakson's Kof Aid Cough Syrup,4.6,50 ratings
354,SBL Arsenicum Sulph Flavum Trituration Tablet 3X,4.3,28 ratings
355,Allen A69 Anal Fissures Drop,4.2,29 ratings
356,Bakson's Kali Phosphoricum Biochemic Tablet 3X,4.4,12 ratings
357,Dr Willmar Schwabe India Aurum Muriaticum Natronatum Trituration Tablet 3X,4.5,21 ratings
358,SBL Solidago Virgaurea Mother Tincture Q,4.9,21 ratings
359,Bakson's Natrum Muriaticum Biochemic Tablet 12X,NA,NA
360,Bakson's Biocombination 11 Tablet,NA,NA
361,Allen A44 Hyper Acidity & Ulcer Drop,4.3,34 ratings
362,Bakson B28 Weight Drop,4.2,26 ratings
363,Hapdco B.Ve. Phos Children Tonic,4.5,59 ratings
364,Bakson's Sunny Fairness Cream for Women,4.2,23 ratings
365,Bakson's Sunny Fairness Cream for Men,3.9,29 ratings
366,Lord's Cratin Drop,4,21 ratings
367,Wheezal Arnica Hair N Scalp Treatment Homeopathic Medicine,4.2,99 ratings
368,Bakson's Hair Aid Drop Dual Pack (30ml Each),4.4,16 ratings
369,SBL Baryta Carbonicum Dilution 30 CH,4.3,52 ratings
370,New Life NL-4 Gall-B-Tone Drop,4.8,18 ratings
371,Bakson's Aloevera Calendula Cream,4.6,153 ratings
372,Bakson B16 Vertigo Drop,4.4,27 ratings
373,ADEL Berberis Vulg Mother Tincture Q,4.6,30 ratings
374,SBL Hekla Lava Trituration Tablet 3X,4.7,16 ratings
375,ADEL Alfalfa Tonic with Ginseng,4.4,36 ratings
376,Wheezal WL40 Varicose Veins Drop,4.1,20 ratings
377,Wheezal WL36 Sciatica & Slip Disc Drop,4.4,39 ratings
378,Rxhomeo Arsenicum Album Pellets 200C,NA,NA
379,Hapdco Ferrocin Drop,4.5,24 ratings
380,Bakson's Arnica Shampoo,4.5,88 ratings
381,Allen A39 Anti Obesity Drop,4.2,21 ratings
382,SBL Bovista Dilution 6 CH,4.6,15 ratings
383,SBL Aralia Racemosa Mother Tincture Q,4.5,6 ratings
384,ADEL 14 Ferrodona Drop,4.6,18 ratings
385,Bakson's Compound # 5 Pain Joints Tablet,4.8,8 ratings
386,SBL Lemna Minor Mother Tincture Q,4.4,20 ratings
387,Bakson's Alfavena Malt,4.3,26 ratings
388,Allen A08 Diabetes Drop,4.1,24 ratings
389,SBL Rosmarinus Officinalis Dilution 30 CH,4.7,19 ratings
390,SBL Ratanhia Dilution 200 CH,4.5,68 ratings
391,Allen A27 Psoriasis Drop,4.3,15 ratings
392,SBL Natrum Arsenicum Dilution 30 CH,4.6,20 ratings
393,SBL Calcarea Fluorica Biochemic Tablet 3X,4.5,475 ratings
394,New Life Bach Flower Willow 30,4.7,15 ratings
395,Bakson's Kof Aid Plus Cough Syrup Sugar Free,4.4,41 ratings
396,SBL Rinsout Drop Mouthwash,4.4,17 ratings
397,Bakson's Tense Aid Tablet,4.6,10 ratings
398,Allen A79 Depression Drop,4.1,14 ratings
399,SBL Arnica Montana Herbal Shampoo with TJC,4.4,326 ratings
400,Bakson B2 Stomach Drop,4.3,37 ratings
401,Allen A50 H.B.P (High Blood Pressure) Drop,4.2,17 ratings
402,SBL Agaricus Muscarius Dilution 30 CH,4.5,17 ratings
403,Allen A71 U.T.I. (Urinary Tract Infections) Drop,4.5,14 ratings
404,Rxhomeo Rhus Toxicodendron Pellets 30C,NA,NA
405,SBL Histaminum Dilution 1000 CH,4.5,221 ratings
406,SBL Silicea Dilution 1000 CH,4.6,208 ratings
407,Allen A31 Warts Drop,3.9,17 ratings
408,SBL Wormorid Drop,4.5,26 ratings
409,ADEL 43 Cardinorma Drop,4.6,8 ratings
410,Bakson's Calm Aid Tablet,NA,NA
411,SBL Asafoetida Dilution 30 CH,4.3,35 ratings
412,SBL Medorrhinum Dilution 1000 CH,4.5,41 ratings
413,SBL Pancreatinum Dilution 30 CH,4.3,30 ratings
414,Hapdco Mensol Tonic,4.4,72 ratings
415,Lord's Yohimbinum Trituration Tablet 3X,3.8,25 ratings
416,Lord's Ginseng Tablet,NA,NA
417,SBL Utrofyne Syrup,4.6,14 ratings
418,Allen A74 Hormonal Imbalance Drop,4.7,11 ratings
419,ADEL 33 Apo-Oedem Drop,4.6,17 ratings
420,Dr Willmar Schwabe India Curcuma Longa Mother Tincture Q,4.8,16 ratings
421,Bakson's Phytolacca Berry Tablet,4,11 ratings
422,Bakson's Worm-C Tablet,NA,NA
423,Bjain Berberis Aquifolium Mother Tincture Q,4.4,15 ratings
424,New Life Pilocin Drop,3.8,10 ratings
425,Allen's Olivallen Body Massage Oil,4.5,24 ratings
426,Allen A77 Stress Drop,4.4,15 ratings
427,Allen Crack Care Cream,4.4,14 ratings
428,Hapdco Kalmegh Drop,4.6,22 ratings
429,Allen A67 Back Pain Drop,3.9,20 ratings
430,Allen A68 Immunity Drop,4,15 ratings
431,SBL Coca Dilution Homeopathic Medicine 30 CH,4.6,19 ratings
432,SBL Clematis Erecta Dilution 200 CH,4.3,36 ratings
433,Lord's L 161 Sexual Neurasthenia Drop,3.5,18 ratings
434,SBL Uranium Nitricum Dilution 30 CH,4.5,21 ratings
435,Ralson Remedies Ralnofev Fever Control Drops,4.3,15 ratings
436,Wheezal Sarsa Syrup,4.3,70 ratings
437,ADEL Calcarea Fluor Biochemic Tablet 6X,4.5,14 ratings
438,Hapdco Cineramycin Eye Drop,4.6,16 ratings
439,SBL Carbo Vegetabilis Dilution 1000 CH,4.6,415 ratings
440,Allen A19 Joint Pains Drop,4.4,19 ratings
441,Haslab Drox 20 Pilovarin Drop,4.4,16 ratings
442,SBL Neem Face Wash,4.3,25 ratings
443,New Life Bach Flower Olive 30,4.3,21 ratings
444,Dr Willmar Schwabe India Calcarea Fluorica Biochemic Tablet 12X,4.3,80 ratings
445,SBL Psorinum Dilution 200 CH,4.3,43 ratings
446,SBL Equisetum Hyemale Mother Tincture Q,4.1,21 ratings
447,Dr Willmar Schwabe India Arsenicum Album Dilution CM CH,4.6,135 ratings
448,German's Fairness Drop,3.3,8 ratings
449,Dr Batra's Instant Hair Natural Keratin Hair Building Fibre Black,NA,NA
450,Dr Willmar Schwabe India Mercurius Solubilis Dilution 30 CH,4.6,33 ratings
451,Bakson's Sulphur Ointment,4.4,17 ratings
452,Dr. Reckeweg Kali Phosphoricum Biochemic Tablet 200X,4.5,225 ratings
453,SBL Ammi Visnaga Mother Tincture Q,4.3,11 ratings
454,Bio India Complex 10 Sleeping Drop,4.7,6 ratings
455,SBL Phytolacca Berry Dilution 200 CH,4.3,19 ratings
456,Bakson's Aesculus Ointment,4.1,23 ratings
457,Wheezal WL57 Anti-Fungal Drop,3.8,14 ratings
458,Dr Willmar Schwabe India Cydonia Vulgaris Dilution 1M,4,218 ratings
459,SBL Kali Nitricum Dilution 30 CH,4.6,14 ratings
460,SBL Liv T Tonic,4.5,285 ratings
461,Allen A83 Bed-Wetting Drop,3.7,11 ratings
462,Dr Willmar Schwabe India Muira Puama Mother Tincture Q,4,11 ratings
463,ADEL Sabal Serr Mother Tincture Q,4.4,14 ratings
464,SBL Liv-T Paediatric Tonic,4.1,16 ratings
465,Bakson's Super Tonic,3.1,17 ratings
466,ADEL Alfalfa Tonic with Ginseng,4.4,36 ratings
467,Bakson's Kof Aid Plus Cough Syrup,4.4,41 ratings
468,Bakson's Kof Aid Plus Cough Syrup Sugar Free,4.4,41 ratings
469,SBL Anti-Dandruff Shampoo,4.5,24 ratings
470,Allen A47 Throat Infection Drop,4.5,13 ratings
471,Bakson B21 Strength Drop,3.8,12 ratings
472,SBL Salix Nigra Mother Tincture Q,3.9,16 ratings
473,Boiron Arsenicum Album Pellets 30C,4.9,16 ratings
474,Bakson B34 Tumour Drop,4.8,6 ratings
475,Medisynth Angio Card Gold Plus Drop,3.8,5 ratings
476,Hapdco Fairway Cream,5,6 ratings
477,Bjain Omeo Alfa Alfa Malt Energy Booster,4.4,12 ratings
478,Hapdco Pilodex Ointment,5,6 ratings
479,Bakson B49 Astha Drop,4.1,11 ratings
480,ADEL Thiosinaminum Trituration Tablet 3X,NA,NA
481,Bakson's Bouchi Oil,4.1,16 ratings
482,Allen Fair Touch Cream,4.5,15 ratings
483,Fourrts Douglas Cream,4.1,12 ratings
484,SBL Bio-Combination 13 Tablet,4.3,14 ratings
485,ADEL Paeonia Off Mother Tincture Q,4.9,8 ratings
486,SBL Causticum Dilution 1000 CH,4.5,184 ratings
487,Bjain Aspidosperma Quebracho Mother Tincture Q,4.2,29 ratings
488,Dr Willmar Schwabe India Usnea Barbata Mother Tincture Q,4.6,11 ratings
489,Similia Rhus Tox Dilution 30 CH,4.1,22 ratings
490,SBL Avena Sativa Dilution 30 CH,4.8,9 ratings
491,Allen A35 Asthma Drop,4.2,6 ratings
492,SBL Bryonia Alba Mother Tincture Q,4.4,9 ratings
493,SBL Agaricus Muscarius Dilution 200 CH,4.5,17 ratings
494,Dr Willmar Schwabe India Ruta Graveolens Dilution 30 CH,4.4,45 ratings
495,REPL Dr. Advice No.47 Goutidine Drop,NA,NA
496,Bakson B57 Memory Drop,4.7,9 ratings
497,Allen Anti Warts Combo (A31 + Dewarts Cream),4.5,8 ratings
498,Bakson's Tense Aid Tablet,4.6,10 ratings
499,Allen A25 Nerve And Sleep Drop,3.5,10 ratings
500,Allen A80 Vertigo Drop,4.1,19 ratings
501,Haslab Drox 10 Filarin Drop,3.2,5 ratings
502,New Life Calculina Syrup,4.1,12 ratings
503,Allen's Arnica Montana Hair Oil,4.3,18 ratings
504,Dr Willmar Schwabe India Calciokind Tablet,4.5,8 ratings
505,SBL Terminalia Chebula Mother Tincture Q,4.6,7 ratings
506,SBL Mezereum Dilution 200 CH,4.6,29 ratings
507,Allen Pilohip Syrup,4.5,24 ratings
508,Dr Batra's Hair Fall Control Shampoo,4.4,7 ratings
509,SBL Kali Sulphuricum Dilution 30 CH,4.4,12 ratings
510,Bakson B32 Lax-N-Liv Drop,4.4,9 ratings
511,Bakson's Baksoint 9 Cream,4.3,16 ratings
512,SBL Sinapis Nigra Dilution 30 CH,4.5,10 ratings
513,Rxhomeo Mercurius Solubilis Pellets 30C,NA,NA
514,Rxhomeo Aloe Socotrina Pellets 200C,NA,NA
515,Dr Batra's Dandruff Cleansing Shampoo,4.3,19 ratings
516,Hapdco Gastorin Syrup,4.7,7 ratings
517,Similia China Dilution 30 CH,4.7,12 ratings
518,SBL Kali Muriaticum Biochemic Tablet 12X,4.6,107 ratings
519,SBL Atista Radix Mother Tincture Q,4.4,11 ratings
520,New Life Bach Flower Sweet Chestnut 30,4.7,13 ratings
521,Allen A33 Fever Drop,4.1,11 ratings
522,ADEL Echinacea Mother Tincture Q,4.3,12 ratings
523,Wheezal WL52 Ovarian Cyst Drop,4.9,8 ratings
524,Allen A32 Gout Drop,4.8,9 ratings
525,Lord's Tone Up Rejuvenator Tonic,3.1,8 ratings
526,ADEL 32 Opsonat Drop,NA,NA
527,SBL Rauvolfia Serpentina Tablet 1X,4.5,6 ratings
528,SBL Influenzinum Dilution 30 CH,4.7,64 ratings
529,SBL Serum Anguillae (Eel Serum) Dilution 6 CH,4.3,34 ratings
530,SBL Radium Bromatum Dilution 200 CH,4.4,14 ratings
531,SBL Kali Phosphoricum Biochemic Tablet 200X,4.6,432 ratings
532,SBL Magnesia Phosphorica Biochemic Tablet 200X,4.7,221 ratings
533,SBL Teucrium Marum Verum Dilution 200 CH,4.3,29 ratings
534,Bakson's Arnica Ointment,4.6,9 ratings
535,Bakson's Aconitum Napellus Dilution 30 CH,3.9,18 ratings
536,ADEL 86 Verintex N External Drop,NA,NA
537,Allen A59 Tumour Drop,4.3,8 ratings
538,ADEL Thuja Mother Tincture Q,4.6,5 ratings
539,Bakson B19 Colic Drop,NA,NA
540,Allen A42 Prostatitis Drop,4.4,7 ratings
541,Dr Willmar Schwabe India Zingiber Mother Tincture Q,4.6,11 ratings
542,Bhargava Whitigo Cream,4,6 ratings
543,Lord's Stonil Tablet,NA,NA
544,ADEL 38 Apo-Spast Drop,NA,NA
545,Bjain Omeo Strength Drop,NA,NA
546,Bakson B25 Acne Drop,3.9,11 ratings
547,Bjain Ceanothus Americanus Mother Tincture Q,3.6,5 ratings
548,Dr. Reckeweg Ferrum Phosphoricum Biochemic Tablet 3X,4.7,42 ratings
549,ADEL Magnesium Phosphoricum Biochemic Tablet 6X,NA,NA
550,Bakson B36 Endocrine Male Drop,4.8,6 ratings
551,"Bakson's Face Scrub with Aloevera, Cucumber & Papaya",4.2,9 ratings
552,SBL Fel Tauri Dilution 30 CH,4.5,17 ratings
553,SBL Arnica Montana Dilution 3 CH,4.6,805 ratings
554,Lord's Mullein Oil Ear Drop,4.5,14 ratings
555,Allen Jaborandi Gold Oil,3.7,11 ratings
556,SBL Aegle Marmelos Mother Tincture Q,5,5 ratings
557,ADEL Calendula Mother Tincture Q,5,5 ratings
558,Bhargava Rhomo Oil,3.8,25 ratings
559,New Life Rheumacin Drop,NA,NA
560,Hapdco Relaxomuv Ointment,4.6,11 ratings
561,SBL Teucrium Marum Verum Mother Tincture Q,NA,NA
562,Dr Willmar Schwabe India Ficus Religiosa Mother Tincture Q,NA,NA
563,Bakson's Menso Aid Syrup,NA,NA
564,Allen A11 Eczema Drop,4.1,11 ratings
565,Wheezal Diabonol Drop,3.9,13 ratings
566,New Life Bach Flower Rock Water 30,4.6,14 ratings
567,Boiron Bacillus Coli (Colibacillinum) Pellets 30C,NA,NA
568,Hapdco B.Ve. Phos Children Tonic,4.5,59 ratings
569,Fourrts Senadryl Drop,NA,NA
570,Wheezal WL46 Eosinophilia Drop,4.8,6 ratings
571,Allen A34 Acne Drop,NA,NA
572,Wheezal De-Toxin Drop,NA,NA
573,Allen's Gastrin Syrup,4.8,5 ratings
574,Bhargava Sinin Drop,4.6,5 ratings
575,Bakson's Apis Mellifica Ointment,4.8,5 ratings
576,ADEL Ars. Sulf Rub. Trituration Tablet 3X,NA,NA
577,SBL Guaiacum Dilution 200 CH,4.5,11 ratings
578,Bjain Bryonia Alba Dilution 200 CH,4.6,33 ratings
579,Bjain Omeo Prostate Drop,4.6,7 ratings
580,ADEL Cholesterinum Trituration Tablet 3X,4.8,5 ratings
581,Hapdco Muora Gel Combi Pack,4.9,8 ratings
582,SBL Yohimbinum Dilution 30 CH,4.1,14 ratings
583,SBL Sulphur Gel,4.3,8 ratings
584,Dr Willmar Schwabe India Aesculus Hippocastan Dilution 30 CH,4.7,11 ratings
585,Wheezal Baby Phos Syrup,4.3,9 ratings
586,Bakson B64 Dermato Drop,NA,NA
587,Bjain Omeo Heart Gold Drop,4.7,12 ratings
588,SBL Nux Vomica Dilution 10M CH,4.6,899 ratings
589,Bioforce Blooume 2  Asthmasan Drop,4.6,8 ratings
590,REPL Dr. Advice No.78 Piles Drop,5,8 ratings
591,ADEL Hamamelis Virginiana Mother Tincture Q,4.6,5 ratings
592,Allen A04 Blood Purifier Drop,NA,NA
593,Lord's Bio-Combination 20 Tablet,NA,NA
594,New Life Heptolive Syrup,NA,NA
595,Dr Batra's Hair Fall Control Oil,3.6,5 ratings
596,Bakson's Super Tonic,3.1,17 ratings
597,ADEL Muira Puama Mother Tincture Q,4.2,5 ratings
598,Allen Laxocid Tablet,4.5,6 ratings
599,Allen Orthotone Tablet,5,6 ratings
600,German's Spondylitis Care and Cure Drop,NA,NA
601,SBL Silicea Biochemic Tablet 200X,4.5,140 ratings
602,SBL Nuphar Lutea Dilution 200 CH,4.5,8 ratings
603,Bakson's B-Shape Cream,NA,NA
604,SBL Lycopodium Clavatum Dilution 6 CH,4.5,388 ratings
605,"Bakson's Sunny Herbals Face Wash Gel with Aloevera, Calendula and Tea Tree Oil",3.9,39 ratings
606,Wheezal Femocordial Syrup,NA,NA
607,SBL Silicea Biochemic Tablet 30X,4.5,140 ratings
608,Bakson B52 Arthralgia Drop,4.1,7 ratings
609,Lord's Five Phos Biocombination Tablet 12X,4.7,42 ratings
610,German's Tonsil Drop,4.3,6 ratings
611,Wheezal WL49 Warts Drop,3.7,6 ratings
612,Dr Willmar Schwabe India Natrum Sulphuricum Biochemic Tablet 6X,4.7,18 ratings
613,Bjain Omeo Allergy Tablet,4.3,29 ratings
614,Allen A46 Anti Dandruff Drop,NA,NA
615,SBL Coca Dilution Homeopathic Medicine 3 CH,4.6,19 ratings
616,ADEL China Officinalis Mother Tincture Q,5,9 ratings
617,Bioforce Blooume 4 Biohair Drop,3.9,11 ratings
618,Dr. Raj Vigoraj Oil,4.2,5 ratings
619,Doliosis D69 Spanish Fly Drop,NA,NA
620,REPL Dr. Advice No.31 Calculus Drop,NA,NA
621,Dr. Reckeweg Calendula Off Mother Tincture Q,4.9,13 ratings
622,St. George’s Foenugreek Mother Tincture Q,5,5 ratings
623,SBL Natrum Muriaticum Biochemic Tablet 200X,4.5,103 ratings
624,Allen A28 Rheumatism Drop,4.4,7 ratings
625,SBL Copaiva Officinalis Dilution 30 CH,4.8,10 ratings
626,Allen A76 Kalmegh Drop,4.2,6 ratings
627,Bakson's Biocombination 24 Tablet,NA,NA
628,Bakson's Mud Pack,NA,NA
629,Allen Vasakof Cough Syrup,4.5,13 ratings
630,Rxhomeo Aloe Socotrina Pellets 30C,NA,NA
631,Rxhomeo Carbo Vegetabilis Pellets 1M,NA,NA
632,Bjain Arnica Montana Globules 200 CH,4.6,11 ratings
633,Allen's AllenZyme Digestive Tonic,4.3,37 ratings
634,Bakson B44 Convulsion Drop,NA,NA
635,SBL Ginseng Dilution 1000 CH,4.6,17 ratings
636,ADEL Arnica Montana Mother Tincture Q,NA,NA
637,Bakson's Gastro Aid Syrup,4.4,29 ratings
638,Rxhomeo Hepar Sulphuris Calcareum Pellets 30C,NA,NA
639,Dr Batra's Herbal Hair Color Cream Brown,4.8,5 ratings
640,SBL Petroselinum Sativum Dilution 30 CH,3.8,9 ratings
641,Bjain Omeo Piles Tablet,NA,NA
642,Adven Rolfia Tablet,NA,NA
643,Similia Coculus Ind Dilution 30 CH,4.7,6 ratings
644,ADEL Gymnema Sylvestris Mother Tincture Q,NA,NA
645,Medisynth Utronic Syrup,4.9,10 ratings
646,Bjain Belladonna Globules 30 CH,4.3,9 ratings
647,Dr Batra's Hair Vitalizing Serum,4,7 ratings
648,Dr Willmar Schwabe India Borax Dilution 30 CH,4.3,16 ratings
649,Bakson B3 Diarrhoea Drop,4.3,6 ratings
650,ADEL Ustilago M Mother Tincture Q,3.8,5 ratings
651,Dr Batra's Hair Gel Wet Look Enriched with Thuja,NA,NA
652,Allen A10 Dysentry Drop,3.4,5 ratings
653,Dr Willmar Schwabe India Anekind Globules,NA,NA
654,Allen A48 Spondylytis Drop,NA,NA
655,ADEL Aspidosperma Mother Tincture Q,NA,NA
656,Haslab HC 37 Caladium Complex Tablet,4.3,6 ratings
657,Bakson's Hair Serum,NA,NA
658,ADEL Scutellaria Mother Tincture Q,NA,NA
659,Dr Batra's Dandruff Cleansing Shampoo,4.3,19 ratings
660,Bakson's Body Oil,NA,NA
661,ADEL Titanium Metallicum Trituration Tablet 3X,NA,NA
662,Bakson B5 Gold Drop,NA,NA
663,Allen A12 Eye Care Oral Drops,NA,NA
664,Bjain Ginkgo Biloba Trituration Tablet 1X,NA,NA
665,Lord's L 164 Sciatica Drop,4,7 ratings
666,ADEL Damiana Mother Tincture Q,4,5 ratings
667,Bjain Chionanthus Virginica Mother Tincture Q,NA,NA
668,SBL Cicuta Virosa Dilution 200 CH,4.9,12 ratings
669,Allen A22 Leucorrhoea Drop,NA,NA
670,ADEL Chimaphila Mother Tincture Q,5,5 ratings
671,Dr Willmar Schwabe India Abel Moschus Mother Tincture Q,NA,NA
672,Wheezal Dr. Farokh J. Master's Sachrol Tablet,NA,NA
673,Dr Willmar Schwabe India Eucalyptus Globulus Mother Tincture Q,NA,NA
674,Lord's Yohimbinum Trituration Tablet 3X,3.8,25 ratings
675,Lord's Ylo Tablet,NA,NA
676,SBL Arsenic Sulphuratum Flavum Dilution 6 CH,4.8,13 ratings
677,Dr Willmar Schwabe India Candida Albicans Dilution 30 CH,4.7,7 ratings
678,Bio India Lactose HMS Holland Powder,3.9,10 ratings
679,SBL Aranea Diadema Dilution 200 CH,4.7,7 ratings
680,Bahola Tonsilo Tablet,NA,NA
681,Bjain Yohimbinum Dilution 3X,4.1,9 ratings
682,Haslab HC 67 Homolax Tablet,NA,NA
683,SBL Viscum Album Mother Tincture Q,NA,NA
684,Medisynth Naturals Moonflower Kesar Mulethi Face Cream,4.2,5 ratings
685,SBL Crotalus Horridus Dilution 30 CH,4.5,6 ratings
686,Bio India Bach Flower Larch,4.7,7 ratings
687,ADEL Crataegus Mother Tincture Q,4.2,5 ratings
688,Dr. Reckeweg Macrotinum Dilution 200 CH,4.9,7 ratings
689,Lord's Fel Tauri Trituration Tablet 3X,4.2,6 ratings
690,Bahola Eye Bright Eye Drop,NA,NA
691,Bakson B43 Hyper Hydrosis Drop,NA,NA
692,ADEL Avena Sat Mother Tincture Q,NA,NA
693,German's Rheumatic Care and Cure Drop,4,6 ratings
694,ADEL Carduus Mar. Mother Tincture Q,NA,NA
695,SBL Urtica Urens Ointment,4.2,5 ratings
696,SBL Calcarea Phosphoricum Dilution 6 CH,4.6,32 ratings
697,Bjain Omeo Calcium Tablet,4.4,14 ratings
698,SBL Pyrogenium Dilution 30 CH,4.6,5 ratings
699,Wheezal Astharex Syrup,4.8,5 ratings
700,Dr. Reckeweg Acid Phosphoric Dilution 30 CH,3.6,11 ratings
701,Bakson's Biocombination 16 Tablet,NA,NA
702,Bio India Bio-combination 20 Tablet,NA,NA
703,SBL Plumbum Metallicum Dilution 1000 CH,4.3,30 ratings
704,Bakson's Cream Bleach,2.6,5 ratings
705,Lord's Thyroidinum Trituration Tablet 3X,4.3,6 ratings
706,SBL Withania S (Ashwagandha) Dilution 1000 CH,4.5,21 ratings
707,ADEL Calcarea Fluor Biochemic Tablet 12X,4.5,14 ratings
708,Adven A-124 Liver & Gallbladder Drop,NA,NA
709,Dr. Reckeweg Tarentula Hispanica Dilution 30 CH,4.8,6 ratings
710,Bakson's Fevo Aid Syrup,4.4,9 ratings
711,SBL Acidum Sulphuricum Mother Tincture Q,NA,NA
712,Dr Willmar Schwabe India Lobelia Inflata Mother Tincture Q,NA,NA
713,Hapdco Calendula Plus Lotion,4.5,50 ratings
714,Bakson's Natrum Muriaticum Biochemic Tablet 30X,NA,NA
715,ADEL Acid Fluor Dilution 200,4.4,11 ratings
716,SBL Arsenicum Album 0/1 LM,4.8,6 ratings
717,Dr Batra's Anti-Dandruff Hair Serum,NA,NA
718,Lord's Pediclean Cream,NA,NA
719,SBL Ustilago Mayadis Dilution 1000 CH,3.4,8 ratings
720,Bjain Arsenicum Bromatum Dilution 30 CH,4.2,18 ratings
721,Dr Willmar Schwabe India Psorinum Dilution 1000 CH,3.9,7 ratings
722,ADEL Hydrangea Mother Tincture Q,4.9,7 ratings
723,ADEL Symphytum. Mother Tincture Q,NA,NA
724,SBL Arsenic Sulphuratum Flavum Dilution 200 CH,4.8,13 ratings
725,Dr Batra's Hair Fall Control Serum,4.2,5 ratings
726,ADEL Ferrum Mur Trituration Tablet 3X,NA,NA
727,Dr. Reckeweg Apis Mell Dilution 6 CH,4.7,39 ratings
728,Allen A37 Renal Calculi Drop,4.5,8 ratings
729,St. George’s Bach Flower Cherry Plum 6 CH,NA,NA
730,REPL M Sharp Drop,NA,NA
731,ADEL Sempervivum Tect Mother Tincture Q,NA,NA
732,ADEL Hypericum Mother Tincture Q,NA,NA
733,Lord's Mag Phos Biochemic Tablet 12X,4.1,17 ratings
734,ADEL Sterculia Mother Tincture Q,NA,NA
735,ADEL Ratanhia Peruviana Mother Tincture Q,NA,NA
736,Bio Valley Dead Sea Shampoo,4,6 ratings
737,SBL Justicia Adhatoda Dilution 200 CH,4.7,17 ratings
738,Bakson B8 Calcification Drop,NA,NA
739,SBL Camphora Dilution 1000 CH,4.5,12 ratings
740,ADEL Bio-Combination 28 Tablet,NA,NA
741,Dr Batra's Hair Fall Control Shampoo SLES Free,4.4,7 ratings
742,Dr. Reckeweg Uranium Nitricum Dilution 30 CH,4.7,10 ratings
743,Bhandari Bach Flower Pine 30,NA,NA
744,Wheezal Mensorine Drop,NA,NA
745,Bakson's Gro Up Drop,4,6 ratings
746,Bakson's Alfavena Malt Powder,4.3,26 ratings
747,Bakson's Fair Skin Facial Kit,NA,NA
748,Homeo Nest Eutonsil Tab,NA,NA
749,Dr. Reckeweg China Dilution 6 CH,4.6,148 ratings
750,Hairgro Gel,NA,NA
751,Dr Batra's Hair Oil Enriched with Jojoba,NA,NA
752,ADEL Ginseng Quinquefolium Mother Tincture Q,NA,NA
753,ADEL Solidago. Mother Tincture Q,NA,NA
754,Lord's L 149 Obesity Drop,NA,NA
755,New Life Bach Flower Vine 30,4.8,5 ratings
756,Dr. Reckeweg Bellis Per Mother Tincture Q,NA,NA
757,ADEL Myristica Sebifera Mother Tincture Q,NA,NA
758,Wheezal Livcol Syrup,4.6,11 ratings
759,ADEL Fel Tauri Trituration Tablet 6X,NA,NA
760,Dr. Reckeweg Cedron Dilution 30 CH,NA,NA
761,Dr. Reckeweg Acid Phosphoric Dilution 200 CH,3.6,11 ratings
762,Adven A-143 Migraine & Ache Drop,NA,NA
763,Wheezal Kid Kare Formula 21 Syrup,3.9,7 ratings
764,Bjain Bio-Combination No. 21 Tablet,NA,NA
765,SBL Paris Quadrifolia Dilution 30 CH,4.3,7 ratings
766,ADEL Bio-Combination 17 Tablet,NA,NA
767,Dr. Reckeweg Kali Ars Dilution 30 CH,NA,NA
768,ADEL Bio-Combination 20 Tablet,NA,NA
769,SBL Calcarea Sulphurica Biochemic Tablet 200X,4.6,33 ratings
770,Dr Willmar Schwabe India Iris Versicolor Dilution 200 CH,4.9,8 ratings
771,Bjain Yohimbinum Globules 3X,NA,NA
772,Dr Willmar Schwabe India Magnesia Phosphoricum Biochemic Tablet 200X,4.4,31 ratings
773,ADEL Rhus Tox Dilution 1000,4.9,14 ratings
774,Dr. Reckeweg Tarentula Hispanica Dilution 200 CH,4.8,6 ratings
775,ADEL Jonesia Ashoka Mother Tincture Q,NA,NA
776,ADEL Sedum Acre Mother Tincture Q,NA,NA
777,SBL Acidum Sarcolacticum Dilution 30 CH,NA,NA
778,Bakson's Cantharis Ointment,NA,NA
779,SBL Mangifera Indica Dilution 30 CH,NA,NA
780,SBL Lycopodium Clavatum 0/3 LM,4.4,9 ratings
781,Dr Batra's Hair Fall Control Serum,4.2,5 ratings
782,Bjain Strophanthus Hispidus Mother Tincture Q,NA,NA
783,Bhandari Bach Flower Beech 30,4.6,5 ratings
784,Bjain Cuprum Metallicum Dilution 6 CH,4.9,7 ratings
785,Dr Batra's Hair Oil Enriched with Jojoba,NA,NA
786,Bakson's Kof Aid Cough Syrup Sugar Free,4.6,50 ratings
787,ADEL Ruta Graveolens Mother Tincture Q,NA,NA
788,Bakson's Alfavena Malt,4.3,26 ratings
789,Dr Willmar Schwabe India Bio-Combination 04 (BC 04) Tablet,4.1,8 ratings
790,SBL Sulphur 0/5 LM,4.8,14 ratings
791,ADEL Phytolacca Berry Tablet,NA,NA
792,ADEL Gelsemium Mother Tincture Q,NA,NA
793,Dr. Reckeweg Copaiva Off Dilution 30 CH,NA,NA
794,ADEL Sabina Mother Tincture Q,NA,NA
795,Dr. Reckeweg Petroselinum Sativum Dilution 30 CH,NA,NA
796,ADEL Bio-Combination 25 Tablet,NA,NA
797,ADEL Aconite Nap.  Dilution CM,5,5 ratings
798,SBL Natrum Phosphoricum Biochemic Tablet 200X,4.6,106 ratings
799,Wheezal WL06 Cervical Spondylitis (Mild) Drop,NA,NA
